"species_messy","island_messy","sex_messy","sample_id","file_name","notes"
"adelie","Torgersen	","M","PAL-535","2024-01-14_Torgersen	_adelie_PAL-535.csv","id=PAL-535; island=Torgersen	; sp=adelie; bill=39.1mm"
"adelie","Torgersen	","f?","PAL-442","2024-01-17_Torgersen	_adelie_PAL-442.csv","id=PAL-442; island=Torgersen	; sp=adelie; bill=39.5mm"
"adelie","Torgersen	","f?","PAL-668","2024-01-08_Torgersen	_adelie_PAL-668.csv","id=PAL-668; island=Torgersen	; sp=adelie; bill=40.3mm"
"adelie","Torgersen	",NA,"PAL-920","2024-01-26_Torgersen	_adelie_PAL-920.csv","id=PAL-920; island=Torgersen	; sp=adelie; bill=NAmm"
"adelie","Torgersen	","f?","PAL-223","2024-01-06_Torgersen	_adelie_PAL-223.csv","id=PAL-223; island=Torgersen	; sp=adelie; bill=36.7mm"
"adelie","Torgersen	","M","PAL-899","2024-01-08_Torgersen	_adelie_PAL-899.csv","id=PAL-899; island=Torgersen	; sp=adelie; bill=39.3mm"
"adelie","Torgersen	","f?","PAL-268","2024-01-08_Torgersen	_adelie_PAL-268.csv","id=PAL-268; island=Torgersen	; sp=adelie; bill=38.9mm"
"adelie","Torgersen	","M","PAL-139","2024-01-19_Torgersen	_adelie_PAL-139.csv","id=PAL-139; island=Torgersen	; sp=adelie; bill=39.2mm"
"adelie","Torgersen	",NA,"PAL-847","2024-01-14_Torgersen	_adelie_PAL-847.csv","id=PAL-847; island=Torgersen	; sp=adelie; bill=34.1mm"
"adelie","Torgersen	",NA,"PAL-238","2024-01-24_Torgersen	_adelie_PAL-238.csv","id=PAL-238; island=Torgersen	; sp=adelie; bill=42mm"
"adelie","Torgersen	",NA,"PAL-528","2024-01-16_Torgersen	_adelie_PAL-528.csv","id=PAL-528; island=Torgersen	; sp=adelie; bill=37.8mm"
"adelie","Torgersen	",NA,"PAL-365","2024-01-15_Torgersen	_adelie_PAL-365.csv","id=PAL-365; island=Torgersen	; sp=adelie; bill=37.8mm"
"adelie","Torgersen	","f?","PAL-662","2024-01-21_Torgersen	_adelie_PAL-662.csv","id=PAL-662; island=Torgersen	; sp=adelie; bill=41.1mm"
"adelie","Torgersen	","M","PAL-890","2024-01-27_Torgersen	_adelie_PAL-890.csv","id=PAL-890; island=Torgersen	; sp=adelie; bill=38.6mm"
"adelie","Torgersen	","M","PAL-907","2024-01-16_Torgersen	_adelie_PAL-907.csv","id=PAL-907; island=Torgersen	; sp=adelie; bill=34.6mm"
"adelie","Torgersen	","f?","PAL-490","2024-01-03_Torgersen	_adelie_PAL-490.csv","id=PAL-490; island=Torgersen	; sp=adelie; bill=36.6mm"
"adelie","Torgersen	","f?","PAL-805","2024-01-25_Torgersen	_adelie_PAL-805.csv","id=PAL-805; island=Torgersen	; sp=adelie; bill=38.7mm"
"adelie","Torgersen	","M","PAL-562","2024-01-08_Torgersen	_adelie_PAL-562.csv","id=PAL-562; island=Torgersen	; sp=adelie; bill=42.5mm"
"adelie","Torgersen	","f?","PAL-480","2024-01-28_Torgersen	_adelie_PAL-480.csv","id=PAL-480; island=Torgersen	; sp=adelie; bill=34.4mm"
"adelie","Torgersen	","M","PAL-366","2024-01-16_Torgersen	_adelie_PAL-366.csv","id=PAL-366; island=Torgersen	; sp=adelie; bill=46mm"
"adelie","BIS-COE","f?","PAL-A89","2024-01-13_BIS-COE_adelie_PAL-A89.csv","id=PAL-A89; island=BIS-COE; sp=adelie; bill=37.8mm"
"adelie","BIS-COE","M","PAL-149","2024-01-02_BIS-COE_adelie_PAL-149.csv","id=PAL-149; island=BIS-COE; sp=adelie; bill=37.7mm"
"adelie","BIS-COE","f?","PAL-211","2024-01-24_BIS-COE_adelie_PAL-211.csv","id=PAL-211; island=BIS-COE; sp=adelie; bill=35.9mm"
"adelie","BIS-COE","M","PAL-511","2024-01-13_BIS-COE_adelie_PAL-511.csv","id=PAL-511; island=BIS-COE; sp=adelie; bill=38.2mm"
"adelie","BIS-COE","M","PAL-732","2024-01-07_BIS-COE_adelie_PAL-732.csv","id=PAL-732; island=BIS-COE; sp=adelie; bill=38.8mm"
"adelie","BIS-COE","f?","PAL-623","2024-01-21_BIS-COE_adelie_PAL-623.csv","id=PAL-623; island=BIS-COE; sp=adelie; bill=35.3mm"
"adelie","BIS-COE","M","PAL-460","2024-01-09_BIS-COE_adelie_PAL-460.csv","id=PAL-460; island=BIS-COE; sp=adelie; bill=40.6mm"
"adelie","BIS-COE","f?","PAL-657","2024-01-22_BIS-COE_adelie_PAL-657.csv","id=PAL-657; island=BIS-COE; sp=adelie; bill=40.5mm"
"adelie","BIS-COE","f?","PAL-716","2024-01-23_BIS-COE_adelie_PAL-716.csv","id=PAL-716; island=BIS-COE; sp=adelie; bill=37.9mm"
"adelie","BIS-COE","M","PAL-294","2024-01-27_BIS-COE_adelie_PAL-294.csv","id=PAL-294; island=BIS-COE; sp=adelie; bill=40.5mm"
"adelie","Dream  ","f?","PAL-794","2024-01-07_Dream  _adelie_PAL-794.csv","id=PAL-794; island=Dream  ; sp=adelie; bill=39.5mm"
"adelie","Dream  ","M","PAL-410","2024-01-28_Dream  _adelie_PAL-410.csv","id=PAL-410; island=Dream  ; sp=adelie; bill=37.2mm"
"adelie","Dream  ","f?","PAL-612","2024-01-11_Dream  _adelie_PAL-612.csv","id=PAL-612; island=Dream  ; sp=adelie; bill=39.5mm"
"adelie","Dream  ","M","PAL-212","2024-01-07_Dream  _adelie_PAL-212.csv","id=PAL-212; island=Dream  ; sp=adelie; bill=40.9mm"
"adelie","Dream  ","f?","PAL-693","2024-01-17_Dream  _adelie_PAL-693.csv","id=PAL-693; island=Dream  ; sp=adelie; bill=36.4mm"
"adelie","Dream  ","M","PAL-473","2024-01-24_Dream  _adelie_PAL-473.csv","id=PAL-473; island=Dream  ; sp=adelie; bill=39.2mm"
"adelie","Dream  ","M","PAL-147","2024-01-21_Dream  _adelie_PAL-147.csv","id=PAL-147; island=Dream  ; sp=adelie; bill=38.8mm"
"adelie","Dream  ","f?","PAL-802","2024-01-21_Dream  _adelie_PAL-802.csv","id=PAL-802; island=Dream  ; sp=adelie; bill=42.2mm"
"adelie","Dream  ","f?","PAL-346","2024-01-28_Dream  _adelie_PAL-346.csv","id=PAL-346; island=Dream  ; sp=adelie; bill=37.6mm"
"adelie","Dream  ","M","PAL-497","2024-01-28_Dream  _adelie_PAL-497.csv","id=PAL-497; island=Dream  ; sp=adelie; bill=39.8mm"
"adelie","Dream  ","f?","PAL-613","2024-01-11_Dream  _adelie_PAL-613.csv","id=PAL-613; island=Dream  ; sp=adelie; bill=36.5mm"
"adelie","Dream  ","M","PAL-555","2024-01-27_Dream  _adelie_PAL-555.csv","id=PAL-555; island=Dream  ; sp=adelie; bill=40.8mm"
"adelie","Dream  ","f?","PAL-309","2024-01-21_Dream  _adelie_PAL-309.csv","id=PAL-309; island=Dream  ; sp=adelie; bill=36mm"
"adelie","Dream  ","M","PAL-639","2024-01-02_Dream  _adelie_PAL-639.csv","id=PAL-639; island=Dream  ; sp=adelie; bill=44.1mm"
"adelie","Dream  ","f?","PAL-670","2024-01-28_Dream  _adelie_PAL-670.csv","id=PAL-670; island=Dream  ; sp=adelie; bill=37mm"
"adelie","Dream  ","M","PAL-265","2024-01-25_Dream  _adelie_PAL-265.csv","id=PAL-265; island=Dream  ; sp=adelie; bill=39.6mm"
"adelie","Dream  ","M","PAL-621","2024-01-01_Dream  _adelie_PAL-621.csv","id=PAL-621; island=Dream  ; sp=adelie; bill=41.1mm"
"adelie","Dream  ",NA,"PAL-181","2024-01-17_Dream  _adelie_PAL-181.csv","id=PAL-181; island=Dream  ; sp=adelie; bill=37.5mm"
"adelie","Dream  ","f?","PAL-328","2024-01-11_Dream  _adelie_PAL-328.csv","id=PAL-328; island=Dream  ; sp=adelie; bill=36mm"
"adelie","Dream  ","M","PAL-381","2024-01-15_Dream  _adelie_PAL-381.csv","id=PAL-381; island=Dream  ; sp=adelie; bill=42.3mm"
"adelie","BIS-COE","f?","PAL-404","2024-01-21_BIS-COE_adelie_PAL-404.csv","id=PAL-404; island=BIS-COE; sp=adelie; bill=39.6mm"
"adelie","BIS-COE","M","PAL-489","2024-01-21_BIS-COE_adelie_PAL-489.csv","id=PAL-489; island=BIS-COE; sp=adelie; bill=40.1mm"
"adelie","BIS-COE","f?","PAL-559","2024-01-09_BIS-COE_adelie_PAL-559.csv","id=PAL-559; island=BIS-COE; sp=adelie; bill=35mm"
"adelie","BIS-COE","M","PAL-173","2024-01-16_BIS-COE_adelie_PAL-173.csv","id=PAL-173; island=BIS-COE; sp=adelie; bill=42mm"
"adelie","BIS-COE","f?","PAL-654","2024-01-24_BIS-COE_adelie_PAL-654.csv","id=PAL-654; island=BIS-COE; sp=adelie; bill=34.5mm"
"adelie","BIS-COE","M","PAL-822","2024-01-16_BIS-COE_adelie_PAL-822.csv","id=PAL-822; island=BIS-COE; sp=adelie; bill=41.4mm"
"adelie","BIS-COE","f?","PAL-909","2024-01-02_BIS-COE_adelie_PAL-909.csv","id=PAL-909; island=BIS-COE; sp=adelie; bill=39mm"
"adelie","BIS-COE","M","PAL-988","2024-01-16_BIS-COE_adelie_PAL-988.csv","id=PAL-988; island=BIS-COE; sp=adelie; bill=40.6mm"
"adelie","BIS-COE","f?","PAL-364","2024-01-11_BIS-COE_adelie_PAL-364.csv","id=PAL-364; island=BIS-COE; sp=adelie; bill=36.5mm"
"adelie","BIS-COE","M","PAL-594","2024-01-09_BIS-COE_adelie_PAL-594.csv","id=PAL-594; island=BIS-COE; sp=adelie; bill=37.6mm"
"adelie","BIS-COE","f?","PAL-588","2024-01-05_BIS-COE_adelie_PAL-588.csv","id=PAL-588; island=BIS-COE; sp=adelie; bill=35.7mm"
"adelie","BIS-COE","M","PAL-965","2024-01-27_BIS-COE_adelie_PAL-965.csv","id=PAL-965; island=BIS-COE; sp=adelie; bill=41.3mm"
"adelie","BIS-COE","f?","PAL-A93","2024-01-15_BIS-COE_adelie_PAL-A93.csv","id=PAL-A93; island=BIS-COE; sp=adelie; bill=37.6mm"
"adelie","BIS-COE","M","PAL-A87","2024-01-20_BIS-COE_adelie_PAL-A87.csv","id=PAL-A87; island=BIS-COE; sp=adelie; bill=41.1mm"
"adelie","BIS-COE","f?","PAL-A79","2024-01-23_BIS-COE_adelie_PAL-A79.csv","id=PAL-A79; island=BIS-COE; sp=adelie; bill=36.4mm"
"adelie","BIS-COE","M","PAL-A73","2024-01-10_BIS-COE_adelie_PAL-A73.csv","id=PAL-A73; island=BIS-COE; sp=adelie; bill=41.6mm"
"adelie","BIS-COE","f?","PAL-622","2024-01-22_BIS-COE_adelie_PAL-622.csv","id=PAL-622; island=BIS-COE; sp=adelie; bill=35.5mm"
"adelie","BIS-COE","M","PAL-843","2024-01-05_BIS-COE_adelie_PAL-843.csv","id=PAL-843; island=BIS-COE; sp=adelie; bill=41.1mm"
"adelie","Torgersen	","f?","PAL-263","2024-01-01_Torgersen	_adelie_PAL-263.csv","id=PAL-263; island=Torgersen	; sp=adelie; bill=35.9mm"
"adelie","Torgersen	","M","PAL-930","2024-01-16_Torgersen	_adelie_PAL-930.csv","id=PAL-930; island=Torgersen	; sp=adelie; bill=41.8mm"
"adelie","Torgersen	","f?","PAL-215","2024-01-02_Torgersen	_adelie_PAL-215.csv","id=PAL-215; island=Torgersen	; sp=adelie; bill=33.5mm"
"adelie","Torgersen	","M","PAL-436","2024-01-15_Torgersen	_adelie_PAL-436.csv","id=PAL-436; island=Torgersen	; sp=adelie; bill=39.7mm"
"adelie","Torgersen	","f?","PAL-171","2024-01-12_Torgersen	_adelie_PAL-171.csv","id=PAL-171; island=Torgersen	; sp=adelie; bill=39.6mm"
"adelie","Torgersen	","M","PAL-193","2024-01-07_Torgersen	_adelie_PAL-193.csv","id=PAL-193; island=Torgersen	; sp=adelie; bill=45.8mm"
"adelie","Torgersen	","f?","PAL-A13","2024-01-19_Torgersen	_adelie_PAL-A13.csv","id=PAL-A13; island=Torgersen	; sp=adelie; bill=35.5mm"
"adelie","Torgersen	","M","PAL-937","2024-01-06_Torgersen	_adelie_PAL-937.csv","id=PAL-937; island=Torgersen	; sp=adelie; bill=42.8mm"
"adelie","Torgersen	","f?","PAL-A83","2024-01-12_Torgersen	_adelie_PAL-A83.csv","id=PAL-A83; island=Torgersen	; sp=adelie; bill=40.9mm"
"adelie","Torgersen	","M","PAL-869","2024-01-01_Torgersen	_adelie_PAL-869.csv","id=PAL-869; island=Torgersen	; sp=adelie; bill=37.2mm"
"adelie","Torgersen	","f?","PAL-344","2024-01-19_Torgersen	_adelie_PAL-344.csv","id=PAL-344; island=Torgersen	; sp=adelie; bill=36.2mm"
"adelie","Torgersen	","M","PAL-698","2024-01-20_Torgersen	_adelie_PAL-698.csv","id=PAL-698; island=Torgersen	; sp=adelie; bill=42.1mm"
"adelie","Torgersen	","f?","PAL-140","2024-01-14_Torgersen	_adelie_PAL-140.csv","id=PAL-140; island=Torgersen	; sp=adelie; bill=34.6mm"
"adelie","Torgersen	","M","PAL-306","2024-01-19_Torgersen	_adelie_PAL-306.csv","id=PAL-306; island=Torgersen	; sp=adelie; bill=42.9mm"
"adelie","Torgersen	","f?","PAL-448","2024-01-26_Torgersen	_adelie_PAL-448.csv","id=PAL-448; island=Torgersen	; sp=adelie; bill=36.7mm"
"adelie","Torgersen	","M","PAL-A55","2024-01-04_Torgersen	_adelie_PAL-A55.csv","id=PAL-A55; island=Torgersen	; sp=adelie; bill=35.1mm"
"adelie","Dream  ","f?","PAL-673","2024-01-03_Dream  _adelie_PAL-673.csv","id=PAL-673; island=Dream  ; sp=adelie; bill=37.3mm"
"adelie","Dream  ","M","PAL-150","2024-01-22_Dream  _adelie_PAL-150.csv","id=PAL-150; island=Dream  ; sp=adelie; bill=41.3mm"
"adelie","Dream  ","M","PAL-568","2024-01-08_Dream  _adelie_PAL-568.csv","id=PAL-568; island=Dream  ; sp=adelie; bill=36.3mm"
"adelie","Dream  ","f?","PAL-421","2024-01-08_Dream  _adelie_PAL-421.csv","id=PAL-421; island=Dream  ; sp=adelie; bill=36.9mm"
"adelie","Dream  ","M","PAL-812","2024-01-02_Dream  _adelie_PAL-812.csv","id=PAL-812; island=Dream  ; sp=adelie; bill=38.3mm"
"adelie","Dream  ","f?","PAL-370","2024-01-14_Dream  _adelie_PAL-370.csv","id=PAL-370; island=Dream  ; sp=adelie; bill=38.9mm"
"adelie","Dream  ","f?","PAL-449","2024-01-08_Dream  _adelie_PAL-449.csv","id=PAL-449; island=Dream  ; sp=adelie; bill=35.7mm"
"adelie","Dream  ","M","PAL-242","2024-01-20_Dream  _adelie_PAL-242.csv","id=PAL-242; island=Dream  ; sp=adelie; bill=41.1mm"
"adelie","Dream  ","f?","PAL-729","2024-01-01_Dream  _adelie_PAL-729.csv","id=PAL-729; island=Dream  ; sp=adelie; bill=34mm"
"adelie","Dream  ","M","PAL-785","2024-01-24_Dream  _adelie_PAL-785.csv","id=PAL-785; island=Dream  ; sp=adelie; bill=39.6mm"
"adelie","Dream  ","f?","PAL-A86","2024-01-27_Dream  _adelie_PAL-A86.csv","id=PAL-A86; island=Dream  ; sp=adelie; bill=36.2mm"
"adelie","Dream  ","M","PAL-A15","2024-01-04_Dream  _adelie_PAL-A15.csv","id=PAL-A15; island=Dream  ; sp=adelie; bill=40.8mm"
"adelie","Dream  ","f?","PAL-620","2024-01-14_Dream  _adelie_PAL-620.csv","id=PAL-620; island=Dream  ; sp=adelie; bill=38.1mm"
"adelie","Dream  ","M","PAL-795","2024-01-15_Dream  _adelie_PAL-795.csv","id=PAL-795; island=Dream  ; sp=adelie; bill=40.3mm"
"adelie","Dream  ","f?","PAL-757","2024-01-08_Dream  _adelie_PAL-757.csv","id=PAL-757; island=Dream  ; sp=adelie; bill=33.1mm"
"adelie","Dream  ","M","PAL-517","2024-01-18_Dream  _adelie_PAL-517.csv","id=PAL-517; island=Dream  ; sp=adelie; bill=43.2mm"
"adelie","BIS-COE","f?","PAL-524","2024-01-19_BIS-COE_adelie_PAL-524.csv","id=PAL-524; island=BIS-COE; sp=adelie; bill=35mm"
"adelie","BIS-COE","M","PAL-423","2024-01-16_BIS-COE_adelie_PAL-423.csv","id=PAL-423; island=BIS-COE; sp=adelie; bill=41mm"
"adelie","BIS-COE","f?","PAL-903","2024-01-20_BIS-COE_adelie_PAL-903.csv","id=PAL-903; island=BIS-COE; sp=adelie; bill=37.7mm"
"adelie","BIS-COE","M","PAL-905","2024-01-11_BIS-COE_adelie_PAL-905.csv","id=PAL-905; island=BIS-COE; sp=adelie; bill=37.8mm"
"adelie","BIS-COE","f?","PAL-209","2024-01-28_BIS-COE_adelie_PAL-209.csv","id=PAL-209; island=BIS-COE; sp=adelie; bill=37.9mm"
"adelie","BIS-COE","M","PAL-759","2024-01-01_BIS-COE_adelie_PAL-759.csv","id=PAL-759; island=BIS-COE; sp=adelie; bill=39.7mm"
"adelie","BIS-COE","f?","PAL-141","2024-01-24_BIS-COE_adelie_PAL-141.csv","id=PAL-141; island=BIS-COE; sp=adelie; bill=38.6mm"
"adelie","BIS-COE","M","PAL-712","2024-01-10_BIS-COE_adelie_PAL-712.csv","id=PAL-712; island=BIS-COE; sp=adelie; bill=38.2mm"
"adelie","BIS-COE","f?","PAL-904","2024-01-24_BIS-COE_adelie_PAL-904.csv","id=PAL-904; island=BIS-COE; sp=adelie; bill=38.1mm"
"adelie","BIS-COE","M","PAL-853","2024-01-24_BIS-COE_adelie_PAL-853.csv","id=PAL-853; island=BIS-COE; sp=adelie; bill=43.2mm"
"adelie","BIS-COE","f?","PAL-572","2024-01-14_BIS-COE_adelie_PAL-572.csv","id=PAL-572; island=BIS-COE; sp=adelie; bill=38.1mm"
"adelie","BIS-COE","M","PAL-522","2024-01-15_BIS-COE_adelie_PAL-522.csv","id=PAL-522; island=BIS-COE; sp=adelie; bill=45.6mm"
"adelie","BIS-COE","f?","PAL-312","2024-01-22_BIS-COE_adelie_PAL-312.csv","id=PAL-312; island=BIS-COE; sp=adelie; bill=39.7mm"
"adelie","BIS-COE","M","PAL-681","2024-01-03_BIS-COE_adelie_PAL-681.csv","id=PAL-681; island=BIS-COE; sp=adelie; bill=42.2mm"
"adelie","BIS-COE","f?","PAL-275","2024-01-07_BIS-COE_adelie_PAL-275.csv","id=PAL-275; island=BIS-COE; sp=adelie; bill=39.6mm"
"adelie","BIS-COE","M","PAL-477","2024-01-02_BIS-COE_adelie_PAL-477.csv","id=PAL-477; island=BIS-COE; sp=adelie; bill=42.7mm"
"adelie","Torgersen	","f?","PAL-532","2024-01-25_Torgersen	_adelie_PAL-532.csv","id=PAL-532; island=Torgersen	; sp=adelie; bill=38.6mm"
"adelie","Torgersen	","M","PAL-288","2024-01-15_Torgersen	_adelie_PAL-288.csv","id=PAL-288; island=Torgersen	; sp=adelie; bill=37.3mm"
"adelie","Torgersen	","f?","PAL-486","2024-01-09_Torgersen	_adelie_PAL-486.csv","id=PAL-486; island=Torgersen	; sp=adelie; bill=35.7mm"
"adelie","Torgersen	","M","PAL-360","2024-01-22_Torgersen	_adelie_PAL-360.csv","id=PAL-360; island=Torgersen	; sp=adelie; bill=41.1mm"
"adelie","Torgersen	","f?","PAL-284","2024-01-15_Torgersen	_adelie_PAL-284.csv","id=PAL-284; island=Torgersen	; sp=adelie; bill=36.2mm"
"adelie","Torgersen	","M","PAL-155","2024-01-10_Torgersen	_adelie_PAL-155.csv","id=PAL-155; island=Torgersen	; sp=adelie; bill=37.7mm"
"adelie","Torgersen	","f?","PAL-A76","2024-01-23_Torgersen	_adelie_PAL-A76.csv","id=PAL-A76; island=Torgersen	; sp=adelie; bill=40.2mm"
"adelie","Torgersen	","M","PAL-624","2024-01-16_Torgersen	_adelie_PAL-624.csv","id=PAL-624; island=Torgersen	; sp=adelie; bill=41.4mm"
"adelie","Torgersen	","f?","PAL-A9A","2024-01-24_Torgersen	_adelie_PAL-A9A.csv","id=PAL-A9A; island=Torgersen	; sp=adelie; bill=35.2mm"
"adelie","Torgersen	","M","PAL-913","2024-01-01_Torgersen	_adelie_PAL-913.csv","id=PAL-913; island=Torgersen	; sp=adelie; bill=40.6mm"
"adelie","Torgersen	","f?","PAL-219","2024-01-09_Torgersen	_adelie_PAL-219.csv","id=PAL-219; island=Torgersen	; sp=adelie; bill=38.8mm"
"adelie","Torgersen	","M","PAL-656","2024-01-16_Torgersen	_adelie_PAL-656.csv","id=PAL-656; island=Torgersen	; sp=adelie; bill=41.5mm"
"adelie","Torgersen	","f?","PAL-218","2024-01-05_Torgersen	_adelie_PAL-218.csv","id=PAL-218; island=Torgersen	; sp=adelie; bill=39mm"
"adelie","Torgersen	","M","PAL-832","2024-01-02_Torgersen	_adelie_PAL-832.csv","id=PAL-832; island=Torgersen	; sp=adelie; bill=44.1mm"
"adelie","Torgersen	","f?","PAL-801","2024-01-21_Torgersen	_adelie_PAL-801.csv","id=PAL-801; island=Torgersen	; sp=adelie; bill=38.5mm"
"adelie","Torgersen	","M","PAL-788","2024-01-27_Torgersen	_adelie_PAL-788.csv","id=PAL-788; island=Torgersen	; sp=adelie; bill=43.1mm"
"adelie","Dream  ","f?","PAL-A24","2024-01-02_Dream  _adelie_PAL-A24.csv","id=PAL-A24; island=Dream  ; sp=adelie; bill=36.8mm"
"adelie","Dream  ","M","PAL-915","2024-01-24_Dream  _adelie_PAL-915.csv","id=PAL-915; island=Dream  ; sp=adelie; bill=37.5mm"
"adelie","Dream  ","f?","PAL-176","2024-01-19_Dream  _adelie_PAL-176.csv","id=PAL-176; island=Dream  ; sp=adelie; bill=38.1mm"
"adelie","Dream  ","M","PAL-416","2024-01-01_Dream  _adelie_PAL-416.csv","id=PAL-416; island=Dream  ; sp=adelie; bill=41.1mm"
"adelie","Dream  ","f?","PAL-824","2024-01-13_Dream  _adelie_PAL-824.csv","id=PAL-824; island=Dream  ; sp=adelie; bill=35.6mm"
"adelie","Dream  ","M","PAL-184","2024-01-06_Dream  _adelie_PAL-184.csv","id=PAL-184; island=Dream  ; sp=adelie; bill=40.2mm"
"adelie","Dream  ","f?","PAL-609","2024-01-11_Dream  _adelie_PAL-609.csv","id=PAL-609; island=Dream  ; sp=adelie; bill=37mm"
"adelie","Dream  ","M","PAL-877","2024-01-18_Dream  _adelie_PAL-877.csv","id=PAL-877; island=Dream  ; sp=adelie; bill=39.7mm"
"adelie","Dream  ","f?","PAL-998","2024-01-03_Dream  _adelie_PAL-998.csv","id=PAL-998; island=Dream  ; sp=adelie; bill=40.2mm"
"adelie","Dream  ","M","PAL-817","2024-01-11_Dream  _adelie_PAL-817.csv","id=PAL-817; island=Dream  ; sp=adelie; bill=40.6mm"
"adelie","Dream  ","f?","PAL-743","2024-01-05_Dream  _adelie_PAL-743.csv","id=PAL-743; island=Dream  ; sp=adelie; bill=32.1mm"
"adelie","Dream  ","M","PAL-451","2024-01-17_Dream  _adelie_PAL-451.csv","id=PAL-451; island=Dream  ; sp=adelie; bill=40.7mm"
"adelie","Dream  ","f?","PAL-385","2024-01-28_Dream  _adelie_PAL-385.csv","id=PAL-385; island=Dream  ; sp=adelie; bill=37.3mm"
"adelie","Dream  ","M","PAL-267","2024-01-18_Dream  _adelie_PAL-267.csv","id=PAL-267; island=Dream  ; sp=adelie; bill=39mm"
"adelie","Dream  ","M","PAL-203","2024-01-20_Dream  _adelie_PAL-203.csv","id=PAL-203; island=Dream  ; sp=adelie; bill=39.2mm"
"adelie","Dream  ","f?","PAL-974","2024-01-05_Dream  _adelie_PAL-974.csv","id=PAL-974; island=Dream  ; sp=adelie; bill=36.6mm"
"adelie","Dream  ","f?","PAL-577","2024-01-17_Dream  _adelie_PAL-577.csv","id=PAL-577; island=Dream  ; sp=adelie; bill=36mm"
"adelie","Dream  ","M","PAL-A34","2024-01-21_Dream  _adelie_PAL-A34.csv","id=PAL-A34; island=Dream  ; sp=adelie; bill=37.8mm"
"adelie","Dream  ","f?","PAL-663","2024-01-16_Dream  _adelie_PAL-663.csv","id=PAL-663; island=Dream  ; sp=adelie; bill=36mm"
"adelie","Dream  ","M","PAL-523","2024-01-20_Dream  _adelie_PAL-523.csv","id=PAL-523; island=Dream  ; sp=adelie; bill=41.5mm"
"gentoo","BIS-COE","f?","PAL-791","2024-01-11_BIS-COE_gentoo_PAL-791.csv","id=PAL-791; island=BIS-COE; sp=gentoo; bill=46.1mm"
"gentoo","BIS-COE","M","PAL-330","2024-01-06_BIS-COE_gentoo_PAL-330.csv","id=PAL-330; island=BIS-COE; sp=gentoo; bill=50mm"
"gentoo","BIS-COE","f?","PAL-264","2024-01-09_BIS-COE_gentoo_PAL-264.csv","id=PAL-264; island=BIS-COE; sp=gentoo; bill=48.7mm"
"gentoo","BIS-COE","M","PAL-579","2024-01-23_BIS-COE_gentoo_PAL-579.csv","id=PAL-579; island=BIS-COE; sp=gentoo; bill=50mm"
"gentoo","BIS-COE","M","PAL-A51","2024-01-18_BIS-COE_gentoo_PAL-A51.csv","id=PAL-A51; island=BIS-COE; sp=gentoo; bill=47.6mm"
"gentoo","BIS-COE","f?","PAL-A57","2024-01-16_BIS-COE_gentoo_PAL-A57.csv","id=PAL-A57; island=BIS-COE; sp=gentoo; bill=46.5mm"
"gentoo","BIS-COE","f?","PAL-711","2024-01-27_BIS-COE_gentoo_PAL-711.csv","id=PAL-711; island=BIS-COE; sp=gentoo; bill=45.4mm"
"gentoo","BIS-COE","M","PAL-411","2024-01-04_BIS-COE_gentoo_PAL-411.csv","id=PAL-411; island=BIS-COE; sp=gentoo; bill=46.7mm"
"gentoo","BIS-COE","f?","PAL-983","2024-01-14_BIS-COE_gentoo_PAL-983.csv","id=PAL-983; island=BIS-COE; sp=gentoo; bill=43.3mm"
"gentoo","BIS-COE","M","PAL-696","2024-01-13_BIS-COE_gentoo_PAL-696.csv","id=PAL-696; island=BIS-COE; sp=gentoo; bill=46.8mm"
"gentoo","BIS-COE","f?","PAL-237","2024-01-14_BIS-COE_gentoo_PAL-237.csv","id=PAL-237; island=BIS-COE; sp=gentoo; bill=40.9mm"
"gentoo","BIS-COE","M","PAL-963","2024-01-03_BIS-COE_gentoo_PAL-963.csv","id=PAL-963; island=BIS-COE; sp=gentoo; bill=49mm"
"gentoo","BIS-COE","f?","PAL-917","2024-01-15_BIS-COE_gentoo_PAL-917.csv","id=PAL-917; island=BIS-COE; sp=gentoo; bill=45.5mm"
"gentoo","BIS-COE","M","PAL-465","2024-01-18_BIS-COE_gentoo_PAL-465.csv","id=PAL-465; island=BIS-COE; sp=gentoo; bill=48.4mm"
"gentoo","BIS-COE","f?","PAL-220","2024-01-23_BIS-COE_gentoo_PAL-220.csv","id=PAL-220; island=BIS-COE; sp=gentoo; bill=45.8mm"
"gentoo","BIS-COE","M","PAL-487","2024-01-13_BIS-COE_gentoo_PAL-487.csv","id=PAL-487; island=BIS-COE; sp=gentoo; bill=49.3mm"
"gentoo","BIS-COE","f?","PAL-343","2024-01-22_BIS-COE_gentoo_PAL-343.csv","id=PAL-343; island=BIS-COE; sp=gentoo; bill=42mm"
"gentoo","BIS-COE","M","PAL-602","2024-01-14_BIS-COE_gentoo_PAL-602.csv","id=PAL-602; island=BIS-COE; sp=gentoo; bill=49.2mm"
"gentoo","BIS-COE","f?","PAL-582","2024-01-27_BIS-COE_gentoo_PAL-582.csv","id=PAL-582; island=BIS-COE; sp=gentoo; bill=46.2mm"
"gentoo","BIS-COE","M","PAL-763","2024-01-05_BIS-COE_gentoo_PAL-763.csv","id=PAL-763; island=BIS-COE; sp=gentoo; bill=48.7mm"
"gentoo","BIS-COE","M","PAL-247","2024-01-17_BIS-COE_gentoo_PAL-247.csv","id=PAL-247; island=BIS-COE; sp=gentoo; bill=50.2mm"
"gentoo","BIS-COE","f?","PAL-999","2024-01-27_BIS-COE_gentoo_PAL-999.csv","id=PAL-999; island=BIS-COE; sp=gentoo; bill=45.1mm"
"gentoo","BIS-COE","f?","PAL-414","2024-01-12_BIS-COE_gentoo_PAL-414.csv","id=PAL-414; island=BIS-COE; sp=gentoo; bill=46.5mm"
"gentoo","BIS-COE","M","PAL-179","2024-01-09_BIS-COE_gentoo_PAL-179.csv","id=PAL-179; island=BIS-COE; sp=gentoo; bill=46.3mm"
"gentoo","BIS-COE","f?","PAL-A25","2024-01-26_BIS-COE_gentoo_PAL-A25.csv","id=PAL-A25; island=BIS-COE; sp=gentoo; bill=42.9mm"
"gentoo","BIS-COE","M","PAL-A19","2024-01-06_BIS-COE_gentoo_PAL-A19.csv","id=PAL-A19; island=BIS-COE; sp=gentoo; bill=46.1mm"
"gentoo","BIS-COE",NA,"PAL-260","2024-01-15_BIS-COE_gentoo_PAL-260.csv","id=PAL-260; island=BIS-COE; sp=gentoo; bill=44.5mm"
"gentoo","BIS-COE","M","PAL-383","2024-01-12_BIS-COE_gentoo_PAL-383.csv","id=PAL-383; island=BIS-COE; sp=gentoo; bill=47.8mm"
"gentoo","BIS-COE","f?","PAL-326","2024-01-13_BIS-COE_gentoo_PAL-326.csv","id=PAL-326; island=BIS-COE; sp=gentoo; bill=48.2mm"
"gentoo","BIS-COE","M","PAL-407","2024-01-27_BIS-COE_gentoo_PAL-407.csv","id=PAL-407; island=BIS-COE; sp=gentoo; bill=50mm"
"gentoo","BIS-COE","M","PAL-316","2024-01-23_BIS-COE_gentoo_PAL-316.csv","id=PAL-316; island=BIS-COE; sp=gentoo; bill=47.3mm"
"gentoo","BIS-COE","f?","PAL-469","2024-01-17_BIS-COE_gentoo_PAL-469.csv","id=PAL-469; island=BIS-COE; sp=gentoo; bill=42.8mm"
"gentoo","BIS-COE","f?","PAL-574","2024-01-02_BIS-COE_gentoo_PAL-574.csv","id=PAL-574; island=BIS-COE; sp=gentoo; bill=45.1mm"
"gentoo","BIS-COE","M","PAL-494","2024-01-28_BIS-COE_gentoo_PAL-494.csv","id=PAL-494; island=BIS-COE; sp=gentoo; bill=59.6mm"
"gentoo","BIS-COE","f?","PAL-742","2024-01-05_BIS-COE_gentoo_PAL-742.csv","id=PAL-742; island=BIS-COE; sp=gentoo; bill=49.1mm"
"gentoo","BIS-COE","M","PAL-730","2024-01-11_BIS-COE_gentoo_PAL-730.csv","id=PAL-730; island=BIS-COE; sp=gentoo; bill=48.4mm"
"gentoo","BIS-COE","f?","PAL-819","2024-01-26_BIS-COE_gentoo_PAL-819.csv","id=PAL-819; island=BIS-COE; sp=gentoo; bill=42.6mm"
"gentoo","BIS-COE","M","PAL-183","2024-01-15_BIS-COE_gentoo_PAL-183.csv","id=PAL-183; island=BIS-COE; sp=gentoo; bill=44.4mm"
"gentoo","BIS-COE","f?","PAL-450","2024-01-15_BIS-COE_gentoo_PAL-450.csv","id=PAL-450; island=BIS-COE; sp=gentoo; bill=44mm"
"gentoo","BIS-COE","M","PAL-107","2024-01-05_BIS-COE_gentoo_PAL-107.csv","id=PAL-107; island=BIS-COE; sp=gentoo; bill=48.7mm"
"gentoo","BIS-COE","f?","PAL-302","2024-01-12_BIS-COE_gentoo_PAL-302.csv","id=PAL-302; island=BIS-COE; sp=gentoo; bill=42.7mm"
"gentoo","BIS-COE","M","PAL-474","2024-01-05_BIS-COE_gentoo_PAL-474.csv","id=PAL-474; island=BIS-COE; sp=gentoo; bill=49.6mm"
"gentoo","BIS-COE","f?","PAL-787","2024-01-06_BIS-COE_gentoo_PAL-787.csv","id=PAL-787; island=BIS-COE; sp=gentoo; bill=45.3mm"
"gentoo","BIS-COE","M","PAL-782","2024-01-15_BIS-COE_gentoo_PAL-782.csv","id=PAL-782; island=BIS-COE; sp=gentoo; bill=49.6mm"
"gentoo","BIS-COE","M","PAL-767","2024-01-28_BIS-COE_gentoo_PAL-767.csv","id=PAL-767; island=BIS-COE; sp=gentoo; bill=50.5mm"
"gentoo","BIS-COE","f?","PAL-126","2024-01-20_BIS-COE_gentoo_PAL-126.csv","id=PAL-126; island=BIS-COE; sp=gentoo; bill=43.6mm"
"gentoo","BIS-COE","f?","PAL-391","2024-01-22_BIS-COE_gentoo_PAL-391.csv","id=PAL-391; island=BIS-COE; sp=gentoo; bill=45.5mm"
"gentoo","BIS-COE","M","PAL-634","2024-01-15_BIS-COE_gentoo_PAL-634.csv","id=PAL-634; island=BIS-COE; sp=gentoo; bill=50.5mm"
"gentoo","BIS-COE","f?","PAL-566","2024-01-01_BIS-COE_gentoo_PAL-566.csv","id=PAL-566; island=BIS-COE; sp=gentoo; bill=44.9mm"
"gentoo","BIS-COE","M","PAL-280","2024-01-04_BIS-COE_gentoo_PAL-280.csv","id=PAL-280; island=BIS-COE; sp=gentoo; bill=45.2mm"
"gentoo","BIS-COE","f?","PAL-315","2024-01-24_BIS-COE_gentoo_PAL-315.csv","id=PAL-315; island=BIS-COE; sp=gentoo; bill=46.6mm"
"gentoo","BIS-COE","M","PAL-206","2024-01-25_BIS-COE_gentoo_PAL-206.csv","id=PAL-206; island=BIS-COE; sp=gentoo; bill=48.5mm"
"gentoo","BIS-COE","f?","PAL-281","2024-01-25_BIS-COE_gentoo_PAL-281.csv","id=PAL-281; island=BIS-COE; sp=gentoo; bill=45.1mm"
"gentoo","BIS-COE","M","PAL-115","2024-01-23_BIS-COE_gentoo_PAL-115.csv","id=PAL-115; island=BIS-COE; sp=gentoo; bill=50.1mm"
"gentoo","BIS-COE","f?","PAL-335","2024-01-06_BIS-COE_gentoo_PAL-335.csv","id=PAL-335; island=BIS-COE; sp=gentoo; bill=46.5mm"
"gentoo","BIS-COE","M","PAL-926","2024-01-17_BIS-COE_gentoo_PAL-926.csv","id=PAL-926; island=BIS-COE; sp=gentoo; bill=45mm"
"gentoo","BIS-COE","f?","PAL-435","2024-01-07_BIS-COE_gentoo_PAL-435.csv","id=PAL-435; island=BIS-COE; sp=gentoo; bill=43.8mm"
"gentoo","BIS-COE","M","PAL-378","2024-01-13_BIS-COE_gentoo_PAL-378.csv","id=PAL-378; island=BIS-COE; sp=gentoo; bill=45.5mm"
"gentoo","BIS-COE","f?","PAL-498","2024-01-28_BIS-COE_gentoo_PAL-498.csv","id=PAL-498; island=BIS-COE; sp=gentoo; bill=43.2mm"
"gentoo","BIS-COE","M","PAL-543","2024-01-28_BIS-COE_gentoo_PAL-543.csv","id=PAL-543; island=BIS-COE; sp=gentoo; bill=50.4mm"
"gentoo","BIS-COE","f?","PAL-676","2024-01-07_BIS-COE_gentoo_PAL-676.csv","id=PAL-676; island=BIS-COE; sp=gentoo; bill=45.3mm"
"gentoo","BIS-COE","M","PAL-784","2024-01-22_BIS-COE_gentoo_PAL-784.csv","id=PAL-784; island=BIS-COE; sp=gentoo; bill=46.2mm"
"gentoo","BIS-COE","f?","PAL-764","2024-01-12_BIS-COE_gentoo_PAL-764.csv","id=PAL-764; island=BIS-COE; sp=gentoo; bill=45.7mm"
"gentoo","BIS-COE","M","PAL-137","2024-01-15_BIS-COE_gentoo_PAL-137.csv","id=PAL-137; island=BIS-COE; sp=gentoo; bill=54.3mm"
"gentoo","BIS-COE","f?","PAL-761","2024-01-26_BIS-COE_gentoo_PAL-761.csv","id=PAL-761; island=BIS-COE; sp=gentoo; bill=45.8mm"
"gentoo","BIS-COE","M","PAL-324","2024-01-16_BIS-COE_gentoo_PAL-324.csv","id=PAL-324; island=BIS-COE; sp=gentoo; bill=49.8mm"
"gentoo","BIS-COE",NA,"PAL-611","2024-01-07_BIS-COE_gentoo_PAL-611.csv","id=PAL-611; island=BIS-COE; sp=gentoo; bill=46.2mm"
"gentoo","BIS-COE","M","PAL-502","2024-01-28_BIS-COE_gentoo_PAL-502.csv","id=PAL-502; island=BIS-COE; sp=gentoo; bill=49.5mm"
"gentoo","BIS-COE","f?","PAL-527","2024-01-15_BIS-COE_gentoo_PAL-527.csv","id=PAL-527; island=BIS-COE; sp=gentoo; bill=43.5mm"
"gentoo","BIS-COE","M","PAL-820","2024-01-09_BIS-COE_gentoo_PAL-820.csv","id=PAL-820; island=BIS-COE; sp=gentoo; bill=50.7mm"
"gentoo","BIS-COE","f?","PAL-986","2024-01-24_BIS-COE_gentoo_PAL-986.csv","id=PAL-986; island=BIS-COE; sp=gentoo; bill=47.7mm"
"gentoo","BIS-COE","M","PAL-793","2024-01-20_BIS-COE_gentoo_PAL-793.csv","id=PAL-793; island=BIS-COE; sp=gentoo; bill=46.4mm"
"gentoo","BIS-COE","M","PAL-778","2024-01-12_BIS-COE_gentoo_PAL-778.csv","id=PAL-778; island=BIS-COE; sp=gentoo; bill=48.2mm"
"gentoo","BIS-COE","f?","PAL-592","2024-01-11_BIS-COE_gentoo_PAL-592.csv","id=PAL-592; island=BIS-COE; sp=gentoo; bill=46.5mm"
"gentoo","BIS-COE","f?","PAL-897","2024-01-15_BIS-COE_gentoo_PAL-897.csv","id=PAL-897; island=BIS-COE; sp=gentoo; bill=46.4mm"
"gentoo","BIS-COE","M","PAL-504","2024-01-09_BIS-COE_gentoo_PAL-504.csv","id=PAL-504; island=BIS-COE; sp=gentoo; bill=48.6mm"
"gentoo","BIS-COE","f?","PAL-A8A","2024-01-06_BIS-COE_gentoo_PAL-A8A.csv","id=PAL-A8A; island=BIS-COE; sp=gentoo; bill=47.5mm"
"gentoo","BIS-COE","M","PAL-359","2024-01-23_BIS-COE_gentoo_PAL-359.csv","id=PAL-359; island=BIS-COE; sp=gentoo; bill=51.1mm"
"gentoo","BIS-COE","f?","PAL-301","2024-01-21_BIS-COE_gentoo_PAL-301.csv","id=PAL-301; island=BIS-COE; sp=gentoo; bill=45.2mm"
"gentoo","BIS-COE","M","PAL-145","2024-01-24_BIS-COE_gentoo_PAL-145.csv","id=PAL-145; island=BIS-COE; sp=gentoo; bill=45.2mm"
"gentoo","BIS-COE","f?","PAL-A67","2024-01-20_BIS-COE_gentoo_PAL-A67.csv","id=PAL-A67; island=BIS-COE; sp=gentoo; bill=49.1mm"
"gentoo","BIS-COE","M","PAL-333","2024-01-28_BIS-COE_gentoo_PAL-333.csv","id=PAL-333; island=BIS-COE; sp=gentoo; bill=52.5mm"
"gentoo","BIS-COE","f?","PAL-758","2024-01-12_BIS-COE_gentoo_PAL-758.csv","id=PAL-758; island=BIS-COE; sp=gentoo; bill=47.4mm"
"gentoo","BIS-COE","M","PAL-A43","2024-01-22_BIS-COE_gentoo_PAL-A43.csv","id=PAL-A43; island=BIS-COE; sp=gentoo; bill=50mm"
"gentoo","BIS-COE","f?","PAL-617","2024-01-21_BIS-COE_gentoo_PAL-617.csv","id=PAL-617; island=BIS-COE; sp=gentoo; bill=44.9mm"
"gentoo","BIS-COE","M","PAL-631","2024-01-15_BIS-COE_gentoo_PAL-631.csv","id=PAL-631; island=BIS-COE; sp=gentoo; bill=50.8mm"
"gentoo","BIS-COE","f?","PAL-525","2024-01-28_BIS-COE_gentoo_PAL-525.csv","id=PAL-525; island=BIS-COE; sp=gentoo; bill=43.4mm"
"gentoo","BIS-COE","M","PAL-119","2024-01-17_BIS-COE_gentoo_PAL-119.csv","id=PAL-119; island=BIS-COE; sp=gentoo; bill=51.3mm"
"gentoo","BIS-COE","f?","PAL-548","2024-01-18_BIS-COE_gentoo_PAL-548.csv","id=PAL-548; island=BIS-COE; sp=gentoo; bill=47.5mm"
"gentoo","BIS-COE","M","PAL-830","2024-01-25_BIS-COE_gentoo_PAL-830.csv","id=PAL-830; island=BIS-COE; sp=gentoo; bill=52.1mm"
"gentoo","BIS-COE","f?","PAL-839","2024-01-07_BIS-COE_gentoo_PAL-839.csv","id=PAL-839; island=BIS-COE; sp=gentoo; bill=47.5mm"
"gentoo","BIS-COE","M","PAL-976","2024-01-03_BIS-COE_gentoo_PAL-976.csv","id=PAL-976; island=BIS-COE; sp=gentoo; bill=52.2mm"
"gentoo","BIS-COE","f?","PAL-585","2024-01-28_BIS-COE_gentoo_PAL-585.csv","id=PAL-585; island=BIS-COE; sp=gentoo; bill=45.5mm"
"gentoo","BIS-COE","M","PAL-A49","2024-01-28_BIS-COE_gentoo_PAL-A49.csv","id=PAL-A49; island=BIS-COE; sp=gentoo; bill=49.5mm"
"gentoo","BIS-COE","f?","PAL-564","2024-01-25_BIS-COE_gentoo_PAL-564.csv","id=PAL-564; island=BIS-COE; sp=gentoo; bill=44.5mm"
"gentoo","BIS-COE","M","PAL-479","2024-01-24_BIS-COE_gentoo_PAL-479.csv","id=PAL-479; island=BIS-COE; sp=gentoo; bill=50.8mm"
"gentoo","BIS-COE","M","PAL-394","2024-01-20_BIS-COE_gentoo_PAL-394.csv","id=PAL-394; island=BIS-COE; sp=gentoo; bill=49.4mm"
"gentoo","BIS-COE","f?","PAL-982","2024-01-26_BIS-COE_gentoo_PAL-982.csv","id=PAL-982; island=BIS-COE; sp=gentoo; bill=46.9mm"
"gentoo","BIS-COE","f?","PAL-604","2024-01-06_BIS-COE_gentoo_PAL-604.csv","id=PAL-604; island=BIS-COE; sp=gentoo; bill=48.4mm"
"gentoo","BIS-COE","M","PAL-422","2024-01-12_BIS-COE_gentoo_PAL-422.csv","id=PAL-422; island=BIS-COE; sp=gentoo; bill=51.1mm"
"gentoo","BIS-COE","f?","PAL-297","2024-01-06_BIS-COE_gentoo_PAL-297.csv","id=PAL-297; island=BIS-COE; sp=gentoo; bill=48.5mm"
"gentoo","BIS-COE","M","PAL-610","2024-01-02_BIS-COE_gentoo_PAL-610.csv","id=PAL-610; island=BIS-COE; sp=gentoo; bill=55.9mm"
"gentoo","BIS-COE","f?","PAL-859","2024-01-12_BIS-COE_gentoo_PAL-859.csv","id=PAL-859; island=BIS-COE; sp=gentoo; bill=47.2mm"
"gentoo","BIS-COE","M","PAL-990","2024-01-06_BIS-COE_gentoo_PAL-990.csv","id=PAL-990; island=BIS-COE; sp=gentoo; bill=49.1mm"
"gentoo","BIS-COE",NA,"PAL-130","2024-01-10_BIS-COE_gentoo_PAL-130.csv","id=PAL-130; island=BIS-COE; sp=gentoo; bill=47.3mm"
"gentoo","BIS-COE","M","PAL-755","2024-01-09_BIS-COE_gentoo_PAL-755.csv","id=PAL-755; island=BIS-COE; sp=gentoo; bill=46.8mm"
"gentoo","BIS-COE","f?","PAL-703","2024-01-11_BIS-COE_gentoo_PAL-703.csv","id=PAL-703; island=BIS-COE; sp=gentoo; bill=41.7mm"
"gentoo","BIS-COE","M","PAL-117","2024-01-16_BIS-COE_gentoo_PAL-117.csv","id=PAL-117; island=BIS-COE; sp=gentoo; bill=53.4mm"
"gentoo","BIS-COE","f?","PAL-705","2024-01-19_BIS-COE_gentoo_PAL-705.csv","id=PAL-705; island=BIS-COE; sp=gentoo; bill=43.3mm"
"gentoo","BIS-COE","M","PAL-731","2024-01-15_BIS-COE_gentoo_PAL-731.csv","id=PAL-731; island=BIS-COE; sp=gentoo; bill=48.1mm"
"gentoo","BIS-COE","f?","PAL-707","2024-01-23_BIS-COE_gentoo_PAL-707.csv","id=PAL-707; island=BIS-COE; sp=gentoo; bill=50.5mm"
"gentoo","BIS-COE","M","PAL-871","2024-01-12_BIS-COE_gentoo_PAL-871.csv","id=PAL-871; island=BIS-COE; sp=gentoo; bill=49.8mm"
"gentoo","BIS-COE","f?","PAL-199","2024-01-25_BIS-COE_gentoo_PAL-199.csv","id=PAL-199; island=BIS-COE; sp=gentoo; bill=43.5mm"
"gentoo","BIS-COE","M","PAL-273","2024-01-22_BIS-COE_gentoo_PAL-273.csv","id=PAL-273; island=BIS-COE; sp=gentoo; bill=51.5mm"
"gentoo","BIS-COE","f?","PAL-514","2024-01-08_BIS-COE_gentoo_PAL-514.csv","id=PAL-514; island=BIS-COE; sp=gentoo; bill=46.2mm"
"gentoo","BIS-COE","M","PAL-684","2024-01-07_BIS-COE_gentoo_PAL-684.csv","id=PAL-684; island=BIS-COE; sp=gentoo; bill=55.1mm"
"gentoo","BIS-COE",NA,"PAL-334","2024-01-07_BIS-COE_gentoo_PAL-334.csv","id=PAL-334; island=BIS-COE; sp=gentoo; bill=44.5mm"
"gentoo","BIS-COE","M","PAL-598","2024-01-24_BIS-COE_gentoo_PAL-598.csv","id=PAL-598; island=BIS-COE; sp=gentoo; bill=48.8mm"
"gentoo","BIS-COE","f?","PAL-521","2024-01-22_BIS-COE_gentoo_PAL-521.csv","id=PAL-521; island=BIS-COE; sp=gentoo; bill=47.2mm"
"gentoo","BIS-COE",NA,"PAL-717","2024-01-06_BIS-COE_gentoo_PAL-717.csv","id=PAL-717; island=BIS-COE; sp=gentoo; bill=NAmm"
"gentoo","BIS-COE","f?","PAL-298","2024-01-05_BIS-COE_gentoo_PAL-298.csv","id=PAL-298; island=BIS-COE; sp=gentoo; bill=46.8mm"
"gentoo","BIS-COE","M","PAL-AA4","2024-01-16_BIS-COE_gentoo_PAL-AA4.csv","id=PAL-AA4; island=BIS-COE; sp=gentoo; bill=50.4mm"
"gentoo","BIS-COE","f?","PAL-444","2024-01-15_BIS-COE_gentoo_PAL-444.csv","id=PAL-444; island=BIS-COE; sp=gentoo; bill=45.2mm"
"gentoo","BIS-COE","M","PAL-902","2024-01-20_BIS-COE_gentoo_PAL-902.csv","id=PAL-902; island=BIS-COE; sp=gentoo; bill=49.9mm"
"chinstrap","Dream  ","f?","PAL-398","2024-01-16_Dream  _chinstrap_PAL-398.csv","id=PAL-398; island=Dream  ; sp=chinstrap; bill=46.5mm"
"chinstrap","Dream  ","M","PAL-800","2024-01-14_Dream  _chinstrap_PAL-800.csv","id=PAL-800; island=Dream  ; sp=chinstrap; bill=50mm"
"chinstrap","Dream  ","M","PAL-821","2024-01-16_Dream  _chinstrap_PAL-821.csv","id=PAL-821; island=Dream  ; sp=chinstrap; bill=51.3mm"
"chinstrap","Dream  ","f?","PAL-373","2024-01-12_Dream  _chinstrap_PAL-373.csv","id=PAL-373; island=Dream  ; sp=chinstrap; bill=45.4mm"
"chinstrap","Dream  ","M","PAL-599","2024-01-08_Dream  _chinstrap_PAL-599.csv","id=PAL-599; island=Dream  ; sp=chinstrap; bill=52.7mm"
"chinstrap","Dream  ","f?","PAL-A18","2024-01-18_Dream  _chinstrap_PAL-A18.csv","id=PAL-A18; island=Dream  ; sp=chinstrap; bill=45.2mm"
"chinstrap","Dream  ","f?","PAL-873","2024-01-02_Dream  _chinstrap_PAL-873.csv","id=PAL-873; island=Dream  ; sp=chinstrap; bill=46.1mm"
"chinstrap","Dream  ","M","PAL-133","2024-01-06_Dream  _chinstrap_PAL-133.csv","id=PAL-133; island=Dream  ; sp=chinstrap; bill=51.3mm"
"chinstrap","Dream  ","f?","PAL-632","2024-01-21_Dream  _chinstrap_PAL-632.csv","id=PAL-632; island=Dream  ; sp=chinstrap; bill=46mm"
"chinstrap","Dream  ","M","PAL-453","2024-01-23_Dream  _chinstrap_PAL-453.csv","id=PAL-453; island=Dream  ; sp=chinstrap; bill=51.3mm"
"chinstrap","Dream  ","f?","PAL-A74","2024-01-02_Dream  _chinstrap_PAL-A74.csv","id=PAL-A74; island=Dream  ; sp=chinstrap; bill=46.6mm"
"chinstrap","Dream  ","M","PAL-927","2024-01-19_Dream  _chinstrap_PAL-927.csv","id=PAL-927; island=Dream  ; sp=chinstrap; bill=51.7mm"
"chinstrap","Dream  ","f?","PAL-226","2024-01-03_Dream  _chinstrap_PAL-226.csv","id=PAL-226; island=Dream  ; sp=chinstrap; bill=47mm"
"chinstrap","Dream  ","M","PAL-932","2024-01-25_Dream  _chinstrap_PAL-932.csv","id=PAL-932; island=Dream  ; sp=chinstrap; bill=52mm"
"chinstrap","Dream  ","f?","PAL-431","2024-01-16_Dream  _chinstrap_PAL-431.csv","id=PAL-431; island=Dream  ; sp=chinstrap; bill=45.9mm"
"chinstrap","Dream  ","M","PAL-601","2024-01-25_Dream  _chinstrap_PAL-601.csv","id=PAL-601; island=Dream  ; sp=chinstrap; bill=50.5mm"
"chinstrap","Dream  ","M","PAL-626","2024-01-20_Dream  _chinstrap_PAL-626.csv","id=PAL-626; island=Dream  ; sp=chinstrap; bill=50.3mm"
"chinstrap","Dream  ","f?","PAL-885","2024-01-11_Dream  _chinstrap_PAL-885.csv","id=PAL-885; island=Dream  ; sp=chinstrap; bill=58mm"
"chinstrap","Dream  ","f?","PAL-102","2024-01-22_Dream  _chinstrap_PAL-102.csv","id=PAL-102; island=Dream  ; sp=chinstrap; bill=46.4mm"
"chinstrap","Dream  ","M","PAL-390","2024-01-19_Dream  _chinstrap_PAL-390.csv","id=PAL-390; island=Dream  ; sp=chinstrap; bill=49.2mm"
"chinstrap","Dream  ","f?","PAL-462","2024-01-06_Dream  _chinstrap_PAL-462.csv","id=PAL-462; island=Dream  ; sp=chinstrap; bill=42.4mm"
"chinstrap","Dream  ","M","PAL-908","2024-01-10_Dream  _chinstrap_PAL-908.csv","id=PAL-908; island=Dream  ; sp=chinstrap; bill=48.5mm"
"chinstrap","Dream  ","f?","PAL-651","2024-01-22_Dream  _chinstrap_PAL-651.csv","id=PAL-651; island=Dream  ; sp=chinstrap; bill=43.2mm"
"chinstrap","Dream  ","M","PAL-948","2024-01-09_Dream  _chinstrap_PAL-948.csv","id=PAL-948; island=Dream  ; sp=chinstrap; bill=50.6mm"
"chinstrap","Dream  ","f?","PAL-942","2024-01-04_Dream  _chinstrap_PAL-942.csv","id=PAL-942; island=Dream  ; sp=chinstrap; bill=46.7mm"
"chinstrap","Dream  ","M","PAL-797","2024-01-26_Dream  _chinstrap_PAL-797.csv","id=PAL-797; island=Dream  ; sp=chinstrap; bill=52mm"
"chinstrap","Dream  ","f?","PAL-811","2024-01-09_Dream  _chinstrap_PAL-811.csv","id=PAL-811; island=Dream  ; sp=chinstrap; bill=50.5mm"
"chinstrap","Dream  ","M","PAL-439","2024-01-17_Dream  _chinstrap_PAL-439.csv","id=PAL-439; island=Dream  ; sp=chinstrap; bill=49.5mm"
"chinstrap","Dream  ","f?","PAL-653","2024-01-26_Dream  _chinstrap_PAL-653.csv","id=PAL-653; island=Dream  ; sp=chinstrap; bill=46.4mm"
"chinstrap","Dream  ","M","PAL-629","2024-01-14_Dream  _chinstrap_PAL-629.csv","id=PAL-629; island=Dream  ; sp=chinstrap; bill=52.8mm"
"chinstrap","Dream  ","f?","PAL-331","2024-01-18_Dream  _chinstrap_PAL-331.csv","id=PAL-331; island=Dream  ; sp=chinstrap; bill=40.9mm"
"chinstrap","Dream  ","M","PAL-852","2024-01-02_Dream  _chinstrap_PAL-852.csv","id=PAL-852; island=Dream  ; sp=chinstrap; bill=54.2mm"
"chinstrap","Dream  ","f?","PAL-375","2024-01-26_Dream  _chinstrap_PAL-375.csv","id=PAL-375; island=Dream  ; sp=chinstrap; bill=42.5mm"
"chinstrap","Dream  ","M","PAL-993","2024-01-05_Dream  _chinstrap_PAL-993.csv","id=PAL-993; island=Dream  ; sp=chinstrap; bill=51mm"
"chinstrap","Dream  ","M","PAL-478","2024-01-23_Dream  _chinstrap_PAL-478.csv","id=PAL-478; island=Dream  ; sp=chinstrap; bill=49.7mm"
"chinstrap","Dream  ","f?","PAL-138","2024-01-12_Dream  _chinstrap_PAL-138.csv","id=PAL-138; island=Dream  ; sp=chinstrap; bill=47.5mm"
"chinstrap","Dream  ","f?","PAL-172","2024-01-23_Dream  _chinstrap_PAL-172.csv","id=PAL-172; island=Dream  ; sp=chinstrap; bill=47.6mm"
"chinstrap","Dream  ","M","PAL-143","2024-01-27_Dream  _chinstrap_PAL-143.csv","id=PAL-143; island=Dream  ; sp=chinstrap; bill=52mm"
"chinstrap","Dream  ","f?","PAL-428","2024-01-16_Dream  _chinstrap_PAL-428.csv","id=PAL-428; island=Dream  ; sp=chinstrap; bill=46.9mm"
"chinstrap","Dream  ","M","PAL-569","2024-01-09_Dream  _chinstrap_PAL-569.csv","id=PAL-569; island=Dream  ; sp=chinstrap; bill=53.5mm"
"chinstrap","Dream  ","M","PAL-287","2024-01-24_Dream  _chinstrap_PAL-287.csv","id=PAL-287; island=Dream  ; sp=chinstrap; bill=49mm"
"chinstrap","Dream  ","f?","PAL-A39","2024-01-16_Dream  _chinstrap_PAL-A39.csv","id=PAL-A39; island=Dream  ; sp=chinstrap; bill=46.2mm"
"chinstrap","Dream  ","M","PAL-595","2024-01-26_Dream  _chinstrap_PAL-595.csv","id=PAL-595; island=Dream  ; sp=chinstrap; bill=50.9mm"
"chinstrap","Dream  ","f?","PAL-200","2024-01-28_Dream  _chinstrap_PAL-200.csv","id=PAL-200; island=Dream  ; sp=chinstrap; bill=45.5mm"
"chinstrap","Dream  ","f?","PAL-943","2024-01-25_Dream  _chinstrap_PAL-943.csv","id=PAL-943; island=Dream  ; sp=chinstrap; bill=50.9mm"
"chinstrap","Dream  ","M","PAL-855","2024-01-28_Dream  _chinstrap_PAL-855.csv","id=PAL-855; island=Dream  ; sp=chinstrap; bill=50.8mm"
"chinstrap","Dream  ","f?","PAL-803","2024-01-08_Dream  _chinstrap_PAL-803.csv","id=PAL-803; island=Dream  ; sp=chinstrap; bill=50.1mm"
"chinstrap","Dream  ","M","PAL-186","2024-01-14_Dream  _chinstrap_PAL-186.csv","id=PAL-186; island=Dream  ; sp=chinstrap; bill=49mm"
"chinstrap","Dream  ","M","PAL-356","2024-01-05_Dream  _chinstrap_PAL-356.csv","id=PAL-356; island=Dream  ; sp=chinstrap; bill=51.5mm"
"chinstrap","Dream  ","f?","PAL-148","2024-01-13_Dream  _chinstrap_PAL-148.csv","id=PAL-148; island=Dream  ; sp=chinstrap; bill=49.8mm"
"chinstrap","Dream  ","f?","PAL-552","2024-01-04_Dream  _chinstrap_PAL-552.csv","id=PAL-552; island=Dream  ; sp=chinstrap; bill=48.1mm"
"chinstrap","Dream  ","M","PAL-695","2024-01-14_Dream  _chinstrap_PAL-695.csv","id=PAL-695; island=Dream  ; sp=chinstrap; bill=51.4mm"
"chinstrap","Dream  ","f?","PAL-744","2024-01-23_Dream  _chinstrap_PAL-744.csv","id=PAL-744; island=Dream  ; sp=chinstrap; bill=45.7mm"
"chinstrap","Dream  ","M","PAL-318","2024-01-03_Dream  _chinstrap_PAL-318.csv","id=PAL-318; island=Dream  ; sp=chinstrap; bill=50.7mm"
"chinstrap","Dream  ","f?","PAL-720","2024-01-07_Dream  _chinstrap_PAL-720.csv","id=PAL-720; island=Dream  ; sp=chinstrap; bill=42.5mm"
"chinstrap","Dream  ","M","PAL-772","2024-01-02_Dream  _chinstrap_PAL-772.csv","id=PAL-772; island=Dream  ; sp=chinstrap; bill=52.2mm"
"chinstrap","Dream  ","f?","PAL-AA3","2024-01-13_Dream  _chinstrap_PAL-AA3.csv","id=PAL-AA3; island=Dream  ; sp=chinstrap; bill=45.2mm"
"chinstrap","Dream  ","M","PAL-A37","2024-01-11_Dream  _chinstrap_PAL-A37.csv","id=PAL-A37; island=Dream  ; sp=chinstrap; bill=49.3mm"
"chinstrap","Dream  ","M","PAL-483","2024-01-02_Dream  _chinstrap_PAL-483.csv","id=PAL-483; island=Dream  ; sp=chinstrap; bill=50.2mm"
"chinstrap","Dream  ","f?","PAL-565","2024-01-25_Dream  _chinstrap_PAL-565.csv","id=PAL-565; island=Dream  ; sp=chinstrap; bill=45.6mm"
"chinstrap","Dream  ","M","PAL-445","2024-01-08_Dream  _chinstrap_PAL-445.csv","id=PAL-445; island=Dream  ; sp=chinstrap; bill=51.9mm"
"chinstrap","Dream  ","f?","PAL-276","2024-01-18_Dream  _chinstrap_PAL-276.csv","id=PAL-276; island=Dream  ; sp=chinstrap; bill=46.8mm"
"chinstrap","Dream  ","f?","PAL-625","2024-01-01_Dream  _chinstrap_PAL-625.csv","id=PAL-625; island=Dream  ; sp=chinstrap; bill=45.7mm"
"chinstrap","Dream  ","M","PAL-977","2024-01-23_Dream  _chinstrap_PAL-977.csv","id=PAL-977; island=Dream  ; sp=chinstrap; bill=55.8mm"
"chinstrap","Dream  ","f?","PAL-476","2024-01-07_Dream  _chinstrap_PAL-476.csv","id=PAL-476; island=Dream  ; sp=chinstrap; bill=43.5mm"
"chinstrap","Dream  ","M","PAL-443","2024-01-27_Dream  _chinstrap_PAL-443.csv","id=PAL-443; island=Dream  ; sp=chinstrap; bill=49.6mm"
"chinstrap","Dream  ","M","PAL-455","2024-01-02_Dream  _chinstrap_PAL-455.csv","id=PAL-455; island=Dream  ; sp=chinstrap; bill=50.8mm"
"chinstrap","Dream  ","f?","PAL-169","2024-01-25_Dream  _chinstrap_PAL-169.csv","id=PAL-169; island=Dream  ; sp=chinstrap; bill=50.2mm"
